<?xml version="1.0" encoding="UTF-8"?>
<!DOCTYPE configuremap [
  <!ELEMENT configuremap (configure)+>
  <!ATTLIST configuremap xmlns CDATA #FIXED ''>
  <!ELEMENT configure EMPTY>
  <!ATTLIST configure xmlns CDATA #FIXED '' name NMTOKEN #REQUIRED
    value CDATA #REQUIRED>
]>
<!--
  ImageMagick build configuration.
-->
<configuremap>
  <configure name="CC" value="gcc"/>
  <configure name="CFLAGS" value="-I/usr/include/libxml2   -I/usr/include/libpng15       -I/usr/include/freetype2 -I/usr/include/libpng15   -I/usr/include/uuid -I/usr/include/freetype2 -I/usr/include/libpng15      -Wall -g -O2 -mtune=haswell -fexceptions -pthread -DMAGICKCORE_HDRI_ENABLE=0 -DMAGICKCORE_QUANTUM_DEPTH=8"/>
  <configure name="CODER_PATH" value="/usr/lib64/ImageMagick-6.9.11/modules-Q8/coders"/>
  <configure name="CONFIGURE_PATH" value="/etc/ImageMagick-6/"/>
  <configure name="CONFIGURE" value="./configure  '--prefix=/var/task/imagemagick' '--sysconfdir=/etc' '--datadir=/usr/share' '--includedir=/usr/include' '--libdir=/usr/lib64' '--libexecdir=/usr/libexec' '--localstatedir=/var' '--sharedstatedir=/var/lib' '--mandir=/usr/share/man' '--infodir=/usr/share/info' '--enable-shared=no' '--enable-static=yes' '--with-modules' '--with-perl=no' '--with-x=no' '--with-gslib=no' '--with-lcms' '--without-rsvg' '--with-xml' '--without-dps' '--disable-hdri' '--with-quantum-depth=8' '--disable-openmp'"/>
  <configure name="COPYRIGHT" value="Copyright (C) 1999-2021 ImageMagick Studio LLC"/>
  <configure name="CPPFLAGS" value="-I/usr/include/ImageMagick-6"/>
  <configure name="CXXFLAGS" value=" -pthread"/>
  <configure name="CXX" value="g++"/>
  <configure name="DEFS" value="-DHAVE_CONFIG_H"/>
  <configure name="DELEGATES" value="bzlib fontconfig freetype jng jpeg lcms lzma png ps tiff video xml zlib"/>
  <configure name="DISTCHECK_CONFIG_FLAGS" value=" --disable-deprecated  --with-jemalloc=no  --with-umem=no  --with-autotrace=no  --with-dps=no  --with-gslib=no  --with-fontpath=  --with-rsvg=no  --with-wmf=no  --with-perl=no "/>
  <configure name="DOCUMENTATION_PATH" value="/usr/share/doc/ImageMagick-6"/>
  <configure name="EXEC-PREFIX" value="/var/task/imagemagick"/>
  <configure name="EXECUTABLE_PATH" value="/var/task/imagemagick/bin"/>
  <configure name="FEATURES" value="DPC Cipher"/>
  <configure name="FILTER_PATH" value="/usr/lib64/ImageMagick-6.9.11/modules-Q8/filters"/>
  <configure name="GIT_REVISION" value="16408" />
  <configure name="HOST" value="x86_64-pc-linux-gnu"/>
  <configure name="INCLUDE_PATH" value="/usr/include/ImageMagick-6"/>
  <configure name="LDFLAGS" value="-L/usr/lib64 "/>
  <configure name="LIBRARY_PATH" value="/usr/lib64/ImageMagick-6.9.11"/>
  <configure name="LIBS" value="  -llcms2   -ltiff -lfreetype    -ljpeg    -lpng15        -lfontconfig -lfreetype            -llzma   -lbz2      -lxml2    -lz      -lm    -lpthread  "/>
  <configure name="LIB_VERSION_NUMBER" value="6,9,11,60"/>
  <configure name="LIB_VERSION" value="0x69B"/>
  <configure name="NAME" value="ImageMagick"/>
  <configure name="PCFLAGS" value="-DMAGICKCORE_HDRI_ENABLE=0 -DMAGICKCORE_QUANTUM_DEPTH=8"/>
  <configure name="PREFIX" value="/var/task/imagemagick"/>
  <configure name="QuantumDepth" value="8"/>
  <configure name="RELEASE_DATE" value="2021-01-25"/>
  <configure name="SHAREARCH_PATH" value="/usr/lib64/ImageMagick-6.9.11/config-Q8"/>
  <configure name="SHARE_PATH" value="/usr/share/ImageMagick-6"/>
  <configure name="TARGET_CPU" value="x86_64"/>
  <configure name="TARGET_OS" value="linux-gnu"/>
  <configure name="TARGET_VENDOR" value="pc"/>
  <configure name="VERSION" value="6.9.11"/>
  <configure name="WEBSITE" value="https://imagemagick.org"/>
</configuremap>
