<?xml version="1.0" encoding="UTF-8"?>
<!DOCTYPE configuremap [
  <!ELEMENT configuremap (configure)+>
  <!ATTLIST configuremap xmlns CDATA #FIXED ''>
  <!ELEMENT configure EMPTY>
  <!ATTLIST configure xmlns CDATA #FIXED '' name NMTOKEN #REQUIRED
    value CDATA #REQUIRED>
]>
<!--
  ImageMagick build configuration.
-->
<configuremap>
  <configure name="CC" value="gcc"/>
  <configure name="CFLAGS" value="-I/usr/include/libxml2   -I/usr/include/cairo -I/usr/include/glib-2.0 -I/usr/lib64/glib-2.0/include -I/usr/include/pixman-1 -I/usr/include/freetype2 -I/usr/include/libpng15 -I/usr/include/uuid -I/usr/include/libdrm   -pthread -I/usr/include/librsvg-2.0 -I/usr/include/glib-2.0 -I/usr/lib64/glib-2.0/include -I/usr/include/gdk-pixbuf-2.0 -I/usr/include/cairo -I/usr/include/libpng15 -I/usr/include/pixman-1 -I/usr/include/freetype2 -I/usr/include/uuid -I/usr/include/libdrm   -I/usr/include/libpng15    -I/usr/include/pango-1.0 -I/usr/include/cairo -I/usr/include/harfbuzz -I/usr/include/freetype2 -I/usr/include/glib-2.0 -I/usr/lib64/glib-2.0/include -I/usr/include/fribidi -I/usr/include/libpng15 -I/usr/include/uuid -I/usr/include/pixman-1 -I/usr/include/libdrm   -pthread -I/usr/include/OpenEXR -I/usr/include/libdrm       -I/usr/include/freetype2 -I/usr/include/libpng15   -I/usr/include/uuid -I/usr/include/freetype2 -I/usr/include/libpng15      -fopenmp -O2 -g -pipe -Wall -Wp,-D_FORTIFY_SOURCE=2 -fexceptions -fstack-protector-strong --param=ssp-buffer-size=4 -grecord-gcc-switches    -m64 -mtune=generic -mtune=core2 -fexceptions -pthread -DMAGICKCORE_HDRI_ENABLE=0 -DMAGICKCORE_QUANTUM_DEPTH=16"/>
  <configure name="CODER_PATH" value="/usr/lib64/ImageMagick-6.9.10/modules-Q16/coders"/>
  <configure name="CONFIGURE_PATH" value="/etc/ImageMagick-6/"/>
  <configure name="CONFIGURE" value="./configure  '--build=x86_64-koji-linux-gnu' '--host=x86_64-koji-linux-gnu' '--program-prefix=' '--disable-dependency-tracking' '--prefix=/usr' '--exec-prefix=/usr' '--bindir=/usr/bin' '--sbindir=/usr/sbin' '--sysconfdir=/etc' '--datadir=/usr/share' '--includedir=/usr/include' '--libdir=/usr/lib64' '--libexecdir=/usr/libexec' '--localstatedir=/var' '--sharedstatedir=/var/lib' '--mandir=/usr/share/man' '--infodir=/usr/share/info' '--enable-shared' '--disable-static' '--with-modules' '--with-perl' '--with-x' '--with-threads' '--with-magick_plus_plus' '--with-gslib' '--with-wmf' '--with-rsvg' '--with-xml' '--with-perl-options=INSTALLDIRS=vendor  CC='\''gcc -L/builddir/build/BUILD/ImageMagick-6.9.10-68/magick/.libs'\'' LDDLFLAGS='\''-shared -L/builddir/build/BUILD/ImageMagick-6.9.10-68/magick/.libs'\''' '--without-dps' '--without-included-ltdl' '--with-ltdl-include=/usr/include' '--with-lcms2=yes' '--with-ltdl-lib=/usr/lib64' 'build_alias=x86_64-koji-linux-gnu' 'host_alias=x86_64-koji-linux-gnu' 'CFLAGS=-O2 -g -pipe -Wall -Wp,-D_FORTIFY_SOURCE=2 -fexceptions -fstack-protector-strong --param=ssp-buffer-size=4 -grecord-gcc-switches    -m64 -mtune=generic' 'LDFLAGS=-Wl,-z,relro ' 'CXXFLAGS=-O2 -g -pipe -Wall -Wp,-D_FORTIFY_SOURCE=2 -fexceptions -fstack-protector-strong --param=ssp-buffer-size=4 -grecord-gcc-switches    -m64 -mtune=generic' 'PKG_CONFIG_PATH=:/usr/lib64/pkgconfig:/usr/share/pkgconfig'"/>
  <configure name="COPYRIGHT" value="Copyright (C) 1999-2019 ImageMagick Studio LLC"/>
  <configure name="CPPFLAGS" value="-I/usr/include/ImageMagick-6"/>
  <configure name="CXXFLAGS" value="-O2 -g -pipe -Wall -Wp,-D_FORTIFY_SOURCE=2 -fexceptions -fstack-protector-strong --param=ssp-buffer-size=4 -grecord-gcc-switches    -m64 -mtune=generic -pthread"/>
  <configure name="CXX" value="g++"/>
  <configure name="DEFS" value="-DHAVE_CONFIG_H"/>
  <configure name="DELEGATES" value="bzlib mpeg fontconfig freetype gslib jng jpeg lcms lzma openexr pango png ps rsvg tiff wmf x xml zlib"/>
  <configure name="DISTCHECK_CONFIG_FLAGS" value="'CFLAGS=-O2 -g -pipe -Wall -Wp,-D_FORTIFY_SOURCE=2 -fexceptions -fstack-protector-strong --param=ssp-buffer-size=4 -grecord-gcc-switches    -m64 -mtune=generic' 'LDFLAGS=-Wl,-z,relro '  --disable-deprecated  --with-quantum-depth=16  --with-jemalloc=no  --with-umem=no  --with-autotrace=no  --with-dps=no  --with-fontpath= "/>
  <configure name="DOCUMENTATION_PATH" value="/usr/share/doc/ImageMagick-6"/>
  <configure name="EXEC-PREFIX" value="/usr"/>
  <configure name="EXECUTABLE_PATH" value="/usr/bin"/>
  <configure name="FEATURES" value="DPC Cipher OpenMP Modules"/>
  <configure name="FILTER_PATH" value="/usr/lib64/ImageMagick-6.9.10/modules-Q16/filters"/>
  <configure name="GIT_REVISION" value="14873" />
  <configure name="HOST" value="x86_64-koji-linux-gnu"/>
  <configure name="INCLUDE_PATH" value="/usr/include/ImageMagick-6"/>
  <configure name="LDFLAGS" value="-L/usr/lib64 -Wl,-z,relro  "/>
  <configure name="LIBRARY_PATH" value="/usr/lib64/ImageMagick-6.9.10"/>
  <configure name="LIBS" value=" -llcms2   -lfreetype      -lxml2    -lfontconfig -lfreetype   -lXext   -lSM -lICE -lX11  -lXt -llzma   -lbz2 -lz    -lltdl   -lm      -lgomp"/>
  <configure name="LIB_VERSION_NUMBER" value="6,9,10,68"/>
  <configure name="LIB_VERSION" value="0x69A"/>
  <configure name="NAME" value="ImageMagick"/>
  <configure name="PCFLAGS" value="-fopenmp -DMAGICKCORE_HDRI_ENABLE=0 -DMAGICKCORE_QUANTUM_DEPTH=16"/>
  <configure name="PREFIX" value="/usr"/>
  <configure name="QuantumDepth" value="16"/>
  <configure name="RELEASE_DATE" value="2020-07-29"/>
  <configure name="SHAREARCH_PATH" value="/usr/lib64/ImageMagick-6.9.10/config-Q16"/>
  <configure name="SHARE_PATH" value="/usr/share/ImageMagick-6"/>
  <configure name="TARGET_CPU" value="x86_64"/>
  <configure name="TARGET_OS" value="linux-gnu"/>
  <configure name="TARGET_VENDOR" value="koji"/>
  <configure name="VERSION" value="6.9.10"/>
  <configure name="WEBSITE" value="https://imagemagick.org"/>
</configuremap>
